{"cameraMode":{"drawMode":0,"name":"Shaded","section":"Shading Mode"},"sceneLighting":false,"audioPlay":false,"sceneViewState":{"m_AlwaysRefresh":true,"showFog":true,"showSkybox":false,"showFlares":true,"showImageEffects":true,"showParticleSystems":true,"showVisualEffectGraphs":true,"m_FxEnabled":true},"in2DMode":false,"pivot":{"x":0.6742123961448669,"y":0.8383239507675171,"z":-1.6184180974960328},"rotation":{"x":-0.2658989727497101,"y":-0.13389116525650025,"z":0.03743739426136017,"w":-0.9541025757789612},"size":0.8660253882408142,"orthographic":false}