{"cameraMode":{"drawMode":0,"name":"Shaded","section":"Shading Mode"},"sceneLighting":true,"audioPlay":false,"sceneViewState":{"m_AlwaysRefresh":true,"showFog":true,"showSkybox":true,"showFlares":true,"showImageEffects":true,"showParticleSystems":true,"showVisualEffectGraphs":true,"m_FxEnabled":true},"in2DMode":false,"pivot":{"x":9.592081069946289,"y":2.3202383518218996,"z":-11.409017562866211},"rotation":{"x":-0.1522548645734787,"y":0.04595727473497391,"z":-0.0070719909854233269,"w":-0.9872801303863525},"size":1.0667330026626588,"orthographic":false}